"Season","Conference","Team","Offense Overall","Offense Passing","Offense Rushing","Offense Cumulative Total","Offense Cumulative Passing","Offense Cumulative Rushing","Defense Overall","Defense Passing","Defense Rushing","Defense Cumulative Total","Defense Cumulative Passing","Defense Cumulative Rushing"
"2023","Mountain West","Air Force","0.38459016690997197266","0.61596230574965549167","0.36503759179675928092","59.226885704135683790","7.39154766899586590","51.835338035139817890","-0.05496454299062019566","-0.02544978457930485421","-0.00271885869949638398","-5.826241557005740740","-1.348838582703157273","-0.141380652373811967"
"2023","Mid-American","Akron","-0.08107724834317039106","0.15529288876940068074","-0.11781298867660058738","-8.1077248343170391060","8.8516946598558388019","-4.5947065583874229079","-0.04763524998220468643","0.15965034034314520110","-0.29270653872408564193","-6.66893499750865610","13.09132790813790649","-16.68427270727288159"
"2023","SEC","Alabama","0.33663322747070001942","0.43934949303005263760","0.23973109015055604000","34.67322242948210200","21.96747465150263188","12.70574777797947012","0.17328234685015877514","0.30004613278611664887","0.05988707632259825854","19.234340500367624040","18.602860232739232230","2.87457966348471641"
"2023","Sun Belt","Appalachian State","0.34092419163247179680","0.55909110318741968431","0.21814207853754337905","51.138628744870769520","36.340921707182279480","18.32393459715364384","0.30623502153522216257","0.23272091939698003679","0.44411414468670579749","44.0978431010719914095","18.15223171296444287","28.4233052599491710395"
"2023","Pac-12","Arizona","0.35092404098265813093","0.61247401264884948467","0.19330185758292282000","36.145176221213787486","34.911018720984420626","8.11867801848275844","-0.09416299080370914253","0.20068409910529425986","-0.09112971105210003148","-9.133810107959786825","7.023943468685299095","-5.55891237417810192"
"2023","Pac-12","Arizona State","0.14725116438222834131","0.27848831591714299929","0.15781571552001181625","18.7008978765429993465","16.9877872709457229565","10.10020579328075624","0.06790266764193757797","0.16886640283625023932","-0.01765981981086976215","7.401390772971195999","8.443320141812511966","-1.041929368841315967"
"2023","SEC","Arkansas","0.46795275579105784628","0.60028971802239528952","0.38966891897815400662","52.87866140438953663","25.21216815694060216","27.66649324744893447","-0.10385703683814749701","-0.20523578451569830309","-0.00483993068309466043","-8.827848131242537246","-8.825138734175027033","-0.193597227323786417"
"2023","Sun Belt","Arkansas State","-0.15752744648865109208","-0.08265407997202904115","-0.19249860268211973202","-12.12961337962613409000","-4.13270399860145205745","-5.00496366973511303255","0.41798481734668698989","0.68522850769601591184","0.13331219067022792087","39.708557647935264040","33.576196877104779680","6.13236077083048436"
"2023","FBS Independents","Army","0.26058048860556995775","0.93264985855497826222","0.08821083299836683117","42.995780619919043028","33.57539490797921744","11.202775790792587558","0.11160685223125606869","0.07949516326985980217","0.16075356711318444865","16.852634686919666372","6.200622735049064569","11.574256832149280303"
"2023","SEC","Auburn","0.25507537980447122198","0.33293622270125284417","0.21434493572549950305","24.487236461229237310","11.98570401724510239","12.646351207804470680","-0.07004543402300303446","-0.29406032161933219154","0.21477000800410810532","-7.284725138392315584","-15.29113672420527396","10.738500400205405266"
"2023","Mid-American","Ball State","-0.04961180894189268171","0.11615762879959061324","-0.20688024987612042308","-3.77049747958384381","4.29783226558485269","-8.06832974516869650","0.28874396133024970152","0.35030163599883047511","0.29176446557417325576","22.81077294508972642","15.76357361994737138","9.62822736394771744"
"2023","Big 12","Baylor","0.21434631656088131858","0.48241968768319339442","-0.04016006917682194974","28.293713786036334052","35.699056888556311187","-2.289123943078851135","0.27495868315626759598","0.39962236079544724419","0.18301922089737260543","38.219256958721195841","23.577719286931387407","14.641537671789808434"
"2023","Mountain West","Boise State","0.12956478447393828367","0.11554989571042282938","0.22376821656194717632","14.122561507659272920","6.701893951204524104","11.188410828097358816","0.31836452562590613471","0.64965057491383395682","0.16853692012718074154","32.791546139468331875","33.132179320605531798","8.426846006359037077"
"2023","ACC","Boston College","0.20074644855634339197","0.01134508574457624750","0.36390594813363197314","25.49479896665561078","0.63532480169626986","25.47341636935423812","0.20454783767026676673","0.25293116335582623647","0.17854180011427855175","25.159384033442812308","10.876040024300528168","14.28334400914228414"
"2023","Mid-American","Bowling Green","0.34582256510098221063","0.52408461630340299034","0.31303269656672482585","39.769594986612954222","30.39690774559737344","16.59073291803641577","0.12193117740622740127","0.31634052315988558322","0.17242293765728152436","14.6317412887472881520","16.133366681154164744","11.3799138853805806080"
"2023","Mid-American","Buffalo","-0.00547810101997903913","0.08002509612228170045","-0.12341354535413178338","-0.377988970378553700","3.201003844891268018","-3.578992815269821718","0.29247571836148703463","0.22640203510500423860","0.40820274861043171868","20.1808245669426053895","6.5656590180451229195","15.51170444719640531"
"2023","Big 12","BYU","0.19497035735005494727","0.30040580115584712831","0.10871444981697669150","21.641709665856099147","18.625159671662521955","5.218293591214881192","0.01629096496532832838","0.15279828960829699535","0.00521500916690684664","1.6128055315675045095","8.403905928456334744","0.2086003666762738655"
"2023","Pac-12","California","0.21780854632433268529","0.21032410629827641521","0.30595583231494748691","32.453473402325570108","14.93301154717762548","22.946687423621061518","0.12850105651685859402","0.33070266958252267315","0.01937407178956469915","12.464602482135283620","13.228106783300906926","1.046199876636493754"
"2023","Mid-American","Central Michigan","0.13570919138563577915","0.15015971279521507295","0.21899710229056600753","15.877975392119386160","5.856228799013387845","16.424782671792450565","0.35695396366825252587","0.53936451781386245756","-0.02314235495919686684","43.19142960385855563","44.22789046073672152","-0.87940948844948094"
"2023","American Athletic","Charlotte","0.11229907052252404461","0.12047616614624859369","0.22217546091598805441","12.240598686955120862","4.216665815118700779","15.774457725035151863","0.04280012721051667008","0.03792402599793313198","0.12197063422764337887","5.307215774104067090","2.047897403888389127","8.294003127479749763"
"2023","Big 12","Cincinnati","0.50002245792109998141","0.83613753718383077766","0.24344014872374000822","55.5024928292420979370","40.1346017848238773275","15.0932892208718805095","0.07109091919410284060","0.13827660689271205102","0.08183523059377886879","5.900546293110535770","6.775553737742890500","2.70056260959470267"
"2023","ACC","Clemson","0.25430587952492587008","0.13618238179370017369","0.40380593134100839208","36.874352531114251162","11.030772925289714069","25.843579605824537093","0.03008723234614330227","-0.03062326288452791248","0.08836930776758766842","2.948548769922043622","-1.469916618457339799","4.418465388379383421"
"2023","Sun Belt","Coastal Carolina","0.09519959876315924930","0.30748324224526995547","-0.13772273227971221997","14.3751394132370466440","24.291176137376326482","-9.9160367241392798380","0.08396993675661462729","0.05293712677368757393","0.11026162299215004750","11.16800158862974543","3.22916473319494201","7.93883685543480342"
"2023","Pac-12","Colorado","0.38435857976024683694","0.60015579421594825036","-0.04723584915115598990","56.500711224756285030","58.815267833162928535","-2.314556608406643505","0.27046350060898834409","0.34404597888293827491","0.34533820638402172053","34.348864577341519700","19.954666775210419945","22.792321621345433555"
"2023","Mountain West","Colorado State","-0.03877825726521492900","0.18233958287670682360","-0.19494925374389869253","-1.938912863260746450","5.470187486301204708","-3.704035821134075158","0.22830709081040239800","0.31714648172687727818","0.10221247144508321323","17.12303181078017985","13.95444519598260024","3.16858661479757961"
"2023","FBS Independents","Connecticut","0.06424156559499982044","0.18783501941808105524","0.04319620119969978208","6.809605953069980967","9.579585990322133817","2.289398663584088450","0.21932891263393583522","0.20895570883872990019","0.22560108237057198198","30.26738994348314526","10.86569685961395481","19.40169308386919045"
"2023","ACC","Duke","0.42090699206502494093","0.35455208987746181882","0.47911304661551890770","45.037048150957668680","17.727604493873090941","27.309443657084577739","0.07654689989573731437","0.02291386617159616159","0.18420766025261953259","9.644909386862901610","1.397745836467365857","11.605082595915030553"
"2023","American Athletic","East Carolina","-0.02488543680929445100","0.05750049423601892467","-0.03610839960765812218","-2.413887370501561747","2.587522240620851610","-1.769311580775247987","0.40108559342641958031","0.69923735464159556036","0.07954938035122979790","42.515072903200475513","38.45805450528775582","4.057018397912719693"
"2023","Mid-American","Eastern Michigan","0.07775001247327494964","0.03956175055949041535","0.18024481319394789658","7.7750012473274949635","1.9780875279745207675","8.651751033309499036","0.15319696523797913021","0.15123853254494004694","0.24718700589237720253","21.90716602903101562","7.41068809470206230","22.49401753620632543"
"2023","SEC","Florida","0.29116676266504312394","0.17866990195779953911","0.43810143787450413269","32.901844181149873005","11.434873725299170503","21.466970455850702502","-0.00271968392388627669","0.02017513738314423316","-0.02016335730067142705","-0.201256610367584475","0.645604396260615461","-0.846861006628199936"
"2023","American Athletic","Florida Atlantic","0.17662468802837424865","0.34415863001318231473","0.03527386409781265229","19.9585897472062900976","23.4027868408963974016","1.481502292108131396","0.05590182584698339410","0.11986056066863003231","0.01787167124681795343","7.826255618577675174","8.510099807472732294","1.197401973536802880"
"2023","Conference USA","Florida International","0.15893080260795328732","0.13183460193894283970","0.28288961952406386315","23.203897180761179949","9.096587533787055939","20.650942225256662010","0.05830951694681832974","0.11379292901989495755","0.04077382434850283783","13.2362603469277608500","13.4275656243476049904","4.3220253809413008096"
"2023","ACC","Florida State","0.38117449009566822121","0.51592363660612086913","0.23439416978963944402","44.597415341193181882","31.471341832973373017","13.126073508219808865","0.08815841108766263303","0.07402046829134039110","0.11461004599691069858","7.846098586801974340","4.293187160897742684","3.552911425904231656"
"2023","Mountain West","Fresno State","0.24911507559079997988","0.46814747846387808361","-0.04032974153624098413","36.370801036256797062","38.856240712501880940","-2.460114233710700032","0.14610213364443850331","0.24899339705272077176","0.02524572900613869594","20.015992309288074954","18.425511381901337110","1.590480927386737844"
"2023","SEC","Georgia","0.37508756897813597351","0.41239273644418386429","0.32997434320524084977","35.633319052922917483","21.444422295097560943","14.18889675782535654","-0.20526655664864270441","-0.28078752907741152043","-0.09513180519002151438","-12.110726842269919560","-9.827563517709403215","-2.283163324560516345"
"2023","Sun Belt","Georgia Southern","0.42390156319828378797","0.46692721609540914441","0.44764601424575300604","49.1725813310009194040","31.7510506944878218200","21.039362669550391284","0.32232176556871447435","0.48801484541326867468","0.14533143028021339673","29.331280666753017166","22.936697734423627710","6.394582932329389456"
"2023","Sun Belt","Georgia State","0.33205394275806414821","0.35383509498181374200","0.31948789339820861333","40.84263495924189023","15.92257927418161839","24.92005568506027184","0.16464388026665963424","0.44915755595777461700","-0.01291675530925804743","21.074416674132433183","28.296926025339800871","-0.813755584483256988"
"2023","ACC","Georgia Tech","0.64920267318616029600","0.69568338823947977857","0.59004539948193550000","32.4601336593080148","19.4791348707054338","12.9809987886025810","0.22322862257976493690","0.64643609547662893186","0.00144363739785909520","8.929144903190597476","9.050105336672805046","0.03609093494647738"
"2023","Mountain West","Hawai'i","0.16255897165842972746","0.32609112115326925493","-0.02673029938312325619","32.67435330334437522","43.69621023453808016","-1.68400886113676514","0.07106955374394470633","0.20261254898946031556","-0.04043461514454052949","13.361076103861604790","20.261254898946031556","-3.517811517575026066"
"2023","Big 12","Houston","0.06173118338391467879","0.08871947243771737294","0.08402992440623854719","9.568333424506775212","7.896033046956846192","5.37791516199926702","0.28574351396132179270","0.46164024960499464800","0.22751841993102491326","43.147270608159590698","37.854500467609561136","14.788697295516619362"
"2023","Big Ten","Illinois","0.27481816076640903032","0.38956878811111492853","0.36245197819858376907","31.329270327370629456","22.205420922333550926","19.57240682272352353","0.27493312809519498110","0.30272644728533618046","0.29789871725208345775","42.61463485475522207","19.67721907354685173","26.51298583543542774"
"2023","Big Ten","Indiana","0.14714669028178204221","0.30663923222083631517","0.00140350540643934451","16.33328262127780668550","16.25187930770432470405","0.08140331357348198145","0.07111862564475085157","0.21132098747323274265","0.07260026073364819078","7.609692943988341118","9.720765423768706162","4.283415383285243256"
"2023","Big Ten","Iowa","0.04694926044092611894","0.35001958755038280191","-0.21238802518874665189","5.493063471588355916","18.901057727720671303","-13.168057561702292417","-0.00196396433255155918","0.03351404301437465511","-0.05895648656930598611","-0.288702756885079200","3.083291957322468270","-3.18365027474252325"
"2023","Big 12","Iowa State","0.05040103870022346643","0.09023586488022527492","0.00843220397486441821","5.79611945052569864000","5.32391602793329122","0.47220342259240742000","-0.12590333216599790250","-0.09217389265259067235","-0.14414263147927263902","-13.471656541761775567","-4.70086852528212429","-7.783702099880722507"
"2023","Conference USA","Jacksonville State","0.13133725103814952854","0.05169216120680610409","0.17981687093548900430","24.297391442057662780","3.618451284476427286","20.678940157581235494","0.07909959526891905441","0.34638086591566638368","-0.07272395219641571131","14.1588275531365107400","26.324945809590645160","-7.1996712674451554200"
"2023","Sun Belt","James Madison","0.25062773586409673333","0.30026031093149843622","0.24639495824688794903","28.571561888507027600","15.013015546574921811","15.522882369553940789","0.17557461585620558530","0.58013400330511735714","-0.10127401474414065597","19.137633128326408798","28.42656616195075050","-5.975166869904298702"
"2023","Big 12","Kansas","0.47436188576601176291","0.68375477555823827250","0.36624822536641154637","60.718321378049505652","38.29026743126134326","26.003624001015219792","0.26796876424263702131","0.26973997791587014408","0.44456531516932616956","25.725001367293154046","12.947518939961766916","20.00543918261967763"
"2023","Big 12","Kansas State","0.38578945093639044658","0.63277507498465148066","0.24626751882028023741","42.822629053939339570","33.537078974186528475","13.790981053935693295","-0.02946203343614581939","0.09377692437859431188","-0.21003515415304460315","-2.739969109561561203","5.532838538337064401","-6.931160087050471904"
"2023","Mid-American","Kent State","-0.16185684708310298215","-0.10577724713261543985","-0.17277102525338671102","-15.052686778728577340","-4.865753368100310233","-7.947467161655788707","0.39250668574259927992","0.55591319736419963726","0.36206645726666370454","46.708295603369314310","23.348354289296384765","27.517050752266441545"
"2023","SEC","Kentucky","0.24764303591145892358","0.35365912019390973519","0.23119173236358953854","24.5166605552344334340","21.5732063318284938466","8.3229023650892233874","0.06476843877962766663","0.31189022543461013840","-0.09264155226652778849","6.73591763308127733","15.59451127173050692","-4.91000227012597279"
"2023","Conference USA","Liberty","0.21119930164085819829","0.52846791416887832326","0.17400542085044939047","30.201500134642722355","24.30952405176840287","16.704520401643141485","0.10311878856958738292","0.02199669383649178229","0.45240409503509166212","11.343066742654612121","1.143828079497572679","23.52501294182476643"
"2023","Sun Belt","Louisiana","0.23553310367567929825","0.19245519232943940615","0.28620660661632055881","30.148237270486950176","12.50958750141356140","17.744809610211874646","0.05855974276254156995","0.07840999921462577186","0.04110520691674339241","6.38301196111703112500","3.998909959945914365","2.38410200117111676000"
"2023","Sun Belt","Louisiana Monroe","0.09549062680662186518","-0.33876169903125500926","0.43882075218509007533","11.840837724021111282","-17.954370048656515491","30.717452652956305273","0.11754854991465405734","0.59659242441008820216","-0.06718120516435429348","14.223374539673140938","22.07391970317326348","-5.441677618312697772"
"2023","Conference USA","Louisiana Tech","0.12767521680756609685","0.17358585322960115976","0.12436938833213869882","20.683385122825707690","14.754797524516098580","9.45207351324254111","0.07439447824678855401","-0.11780142681672671598","0.23578913949771341853","12.200694432473322858","-7.657092743087236539","22.871546531278201597"
"2023","ACC","Louisville","0.67935500770599659974","0.82122938281617943368","0.89874991427165435833","26.49484530053386739","15.60335827350740924","16.17749845688977845","-0.03092763431683545323","-0.13835938019802860682","0.05208780568226834727","-1.206177738356582676","-2.352109463366486316","1.14593172500990364"
"2023","SEC","LSU","0.41402347398150473147","0.39447411127656721833","0.44402947255187393767","45.12855866398401573","26.03529134425343641","19.09326731973057932","0.41594086909240871709","0.57229606791711727360","0.24295213847783754819","41.178146040148462992","29.759395531690098227","11.418750508458364765"
"2023","Sun Belt","Marshall","0.25357156271646639089","0.37771039319325000226","0.13488496117185012279","31.44287377684183247","23.41804437798150014","8.22798263148285749","-0.01335583140770861184","-0.00592145690817185342","0.00526413752486932698","-1.869816397079205657","-0.450030725021060860","0.326376526541898273"
"2023","Big Ten","Maryland","0.39395886473205559989","0.36897503301160958714","0.48347221861187256099","70.912595651770007980","36.159553235137739540","39.16124970756167744","0.07133723893376044647","0.13771984841906485730","0.16909024540067777202","9.701864494991420720","9.227229844077345439","10.990865951044055181"
"2023","American Athletic","Memphis","0.19805995605078894368","0.25764432675680843455","0.19098091818724269699","34.462432352837276200","25.506788348924035020","13.94160702766871688","-0.07539584419636095138","-0.17278307911258134560","0.04211963234403435655","-11.46016831784686460900","-11.92203245876811284645","3.45380985221081723745"
"2023","ACC","Miami","0.54863222164245788029","0.80565641053287811591","0.29548813392681829443","80.1003043597988505220","59.6185743794329805774","20.9796575088040989046","0.06426611515160650671","0.12925412331579612821","-0.03321589709467792554","8.675925545466878406","10.469583988579486385","-1.793658443112607979"
"2023","Mid-American","Miami (OH)","0.09981783863990635123","0.30440836062554213098","-0.06045725776432046741","9.083423316231477962","13.393967867523853763","-2.781033857158741501","0.15669901647917634819","0.37861303165767982993","0.01966593419085563679","17.706988862146927346","20.823716741172390646","1.10129231468791566"
"2023","Big Ten","Michigan","0.54298488774378815259","0.89312823940263822637","0.10744071860716976812","49.954609672428510038","45.549540209534549545","4.405069462893960493","-0.10596630767690535935","-0.01954770876456065494","-0.15790840230855545967","-6.887809998998848358","-0.664622097995062268","-4.73725206925666379"
"2023","Big Ten","Michigan State","0.29747289974313515473","0.53339207186885597413","0.06657328447115307617","27.66497967611156939","24.53603530596737481","3.12894437014419458","-0.10719271944527897798","-0.11758660802028912666","0.00295346231050126726","-9.004188433403434150","-5.173810752892721573","0.115185030109549423"
"2023","Conference USA","Middle Tennessee","0.12229011373615912431","0.19066334264767025538","0.06644297093770832808","12.351301487352071555","12.202453929450896344","2.391946953757499811","0.28358950665042841543","0.43872527122257988300","0.22239965077323241833","29.493308691644555205","17.54901084890319532","14.011177998713642355"
"2023","Big Ten","Minnesota","0.05079073299551937877","0.13323908514352774567","0.12475873011318593600","7.009121153381674270","7.994345108611664740","9.35690475848894520","-0.05108607699740649043","-0.12339958295851240405","0.18470808998217895173","-4.955349468748429572","-5.182782484257520970","9.420112589091126538"
"2023","SEC","Mississippi State","0.16785505009991516425","0.28859148946088195702","0.08984073543590585200","17.960490360690922575","12.120842557357042195","5.83964780333388038","0.09503464641876293042","0.41085224537711722469","-0.07149871156666940097","10.073672520388870624","26.294543704135502380","-2.645452327966767836"
"2023","SEC","Missouri","0.23976674782121218156","0.47730875241634629645","0.12473002948124063938","29.970843477651522695","22.433511363568275933","9.604212270055529232","0.05875387719810169043","0.22506006841268337531","-0.13834975683399512128","6.932957509375999471","14.403844378411736020","-7.470886869035736549"
"2023","American Athletic","Navy","0.19609205562029742212","0.18693966440751234000","0.19892686705788572189","29.021624231804018474","6.542888254262931900","22.478735977541086574","0.23409409193875625836","0.38479524403962377852","0.11295284792308766046","36.986866526323488821","33.86198147548689251","7.680793658769960911"
"2023","ACC","NC State","0.11753810888334357479","0.11999682143233727043","0.11521412030963720493","16.69041146143478762","8.27978067883127166","8.41063078260351596","0.26267619064354008982","0.24451653047555065222","0.33358761361756948910","29.945085733363570240","13.448409176155285872","19.348081589819030368"
"2023","Big Ten","Nebraska","0.09611986754583829992","0.16434283327389852237","0.20350454499513312003","9.996466224767183192","6.245027664408143850","12.617281789698253442","0.10992283105075428806","0.23467252779755300124","-0.06361895114840318602","14.729659360801074600","21.355200029577323113","-2.671995948232933813"
"2023","Mountain West","Nevada","0.04671120234819439100","0.09061163154120885739","-0.01268349597176635765","1.86844809392777564","2.08406752544780372","-0.21561943152002808","0.91867667365579320083","1.00623848006949410870","0.76375963153924544077","33.07236025160855523","23.14348504159836450","9.92887521001019073"
"2023","Mountain West","New Mexico","0.46880496914158115355","0.75379604822945457386","0.30377541332889874713","35.629177654760167670","26.382861688030910085","12.151016533155949885","0.36716417234259561010","0.56247134488057757808","0.14147588407648311378","35.614924717231774180","29.248509933790034060","6.36641478344174012"
"2023","Conference USA","New Mexico State","0.32714125101766275288","0.28238457884953636625","0.44344885465319949429","53.651165166896691472","21.178843413715227469","38.580050354828356003","0.32607437174096098733","0.53553642186431755521","0.18577431929984479564","57.715163798150094758","38.02308595236654642","19.692077845783548338"
"2023","ACC","North Carolina","0.34828016080812856792","0.40249802670660868815","0.29793499961668274199","47.0178217090973566695","26.1623717359295647300","20.8554499731677919395","0.12741929095762594377","0.23175551717276391869","0.04363902617649790852","18.603216479813387790","19.467463442512169170","2.66198059676637242"
"2023","Mid-American","Northern Illinois","0.06539620575429338043","0.31273920689033576967","-0.08824457847627111312","9.220865011355366640","20.640787654762160798","-6.441854228767791258","0.02664228709158464782","-0.18209973219675535402","0.35222539699717167028","2.877367005891141965","-11.654382860592342657","15.145692070878381822"
"2023","American Athletic","North Texas","0.07938413777093063098","0.07601213092611109094","0.14077141287289602620","8.0971820526349243600","3.572570153527221274","7.1793420565176973360","0.49417906099475351031","0.59800933902407306407","0.53304268967539293190","57.818950136386160706","32.890513646324018524","31.449518690848182982"
"2023","Big Ten","Northwestern","0.20725067812433541184","0.27039733010535916787","0.15336543989539538861","19.067062387438857889","12.708674514951880890","6.748079355397397099","0.14447971592492428741","0.38415456463439756208","-0.05412177159044045656","16.759647047291217340","20.360191925623070790","-3.30142806701686785"
"2023","FBS Independents","Notre Dame","0.57901238929637712537","0.80260536581276806578","0.38026307683736295611","78.745684944307289050","51.366743412017156210","27.378941532290132840","0.00498205445059258016","-0.07328965783027136586","0.06382204679357238445","0.652649133027628001","-4.104220838495196488","4.722831462724356449"
"2023","Mid-American","Ohio","0.07223653737898315110","0.25293213192636849968","0.04203846210743737830","14.880726700070529126","23.52268826915227047","4.540153907603236856","0.01257002209795281019","0.10233438270246948579","0.00714885934929526345","2.0237735577704024406","10.4381070356518875506","0.39318726421123949"
"2023","Big Ten","Ohio State","0.38503671591268867010","0.51779209853508645630","0.27567102394122323863","45.819369193609951742","34.692070601850792572","14.05922222100238517","0.00491238165616249091","0.12466668245858211160","-0.03696109419554413087","0.49615054727241158200","5.48533402817761291055","-2.06982127495047132855"
"2023","Big 12","Oklahoma","0.52471969070588933076","1.14265529143597587","0.13671361582885824495","36.730378349412253153","30.85169286877134862","5.878685480640904533","0.02809197307776084569","0.20356629133170838000","-0.14294736272068778360","2.02262206159878089","9.36404940125858548","-3.57368406801719459"
"2023","Big 12","Oklahoma State","0.15376849306492204852","0.19443695822947272892","0.14501960373746922881","21.681357522154008842","16.138267533046236500","8.266117413035746042","0.22138646169050077275","0.28138258207720597966","0.17361755792035093800","27.8946941730030973665","19.6967807454044185765","9.54896568561930159"
"2023","Sun Belt","Old Dominion","0.20430724459071225463","0.21126382136011355342","0.26022514430728953728","24.312562106294758301","10.985718710725904778","16.914634379973819923","0.17636208941881032919","0.44558163548836901677","-0.03447249485253081169","26.10158923398392872","28.96280630674398609","-2.86121707276005737"
"2023","SEC","Ole Miss","0.46170229986757212880","0.67589427261798077667","0.25056298464657696813","46.17022998675721288","34.47060790351701961","12.02702326303569447","0.01777939376731159667","0.17036769981203924195","-0.11129613204208441874","2.026850889473522020","9.370223489662158307","-6.455175658440896287"
"2023","Pac-12","Oregon","0.50780240950342952291","0.47271514723587807118","0.56461035793660806381","55.85826504537724752","32.14463001203970884","23.71363503333753868","0.07964782516542900363","0.05097231839472932272","0.27424992944664193620","8.283373817204616378","2.701532874920654104","13.438246542885454874"
"2023","Pac-12","Oregon State","0.52714694319307685729","0.62248288794568426908","0.44047790250888830111","44.280343228218456012","24.899315517827370763","19.381027710391085249","-0.22015743769353366514","-0.15188476489639559548","0.00129423139518378647","-17.612595015482693211","-6.682929655441406201","0.04400386743624874"
"2023","Big Ten","Penn State","0.43762955388597699917","0.36088699455257519800","0.49244566769554971429","26.25777323315861995","9.02217486381437995","17.2355983693442400","-0.04457235995372451227","-0.23246870228021929333","0.18090325083806922500","-0.980591918981939270","-2.78962442736263152","1.809032508380692250"
"2023","ACC","Pittsburgh","0.17182993939441312260","0.04719524480250158839","0.31723708308497657917","17.87031369701896475","2.64293370894008895","15.22737998807887580","0.10990603842399574892","0.17409744340083104121","0.05758916432166396951","10.001449496583613152","6.789800292632410607","2.937047380404862445"
"2023","Big Ten","Purdue","0.17899570895298043204","0.35390350873388033277","0.02299686049974538545","25.059399253417260486","23.357631576436101963","1.701767676981158523","0.18401461360974053924","0.47792019896850483844","-0.24347806353567041543","26.130075132583156572","40.623216912322911267","-13.147815430926202433"
"2023","American Athletic","Rice","0.32932483388265566911","0.62350791398839627314","0.02978466042859381172","31.944508886617599904","36.163459011326983842","1.072247775429377222","0.16214928309624092356","0.05933261399023424708","0.42198368142065684523","19.13361540535642898","4.27194820729686579","18.56728198250890119"
"2023","Big Ten","Rutgers","0.20477055400203608858","0.37196000666143867066","0.11444981520902549826","27.439254236272835870","17.482120313087617521","9.957133923185218349","-0.04036936204799200358","0.05970820547553950532","-0.16823611295846551803","-3.915828118655224347","3.701908739483449330","-5.383555614670896577"
"2023","Conference USA","Sam Houston State","-0.15419978799279230340","-0.21834280560605876916","0.00330560736270300705","-15.5741785872720226435","-10.698797474696879689","0.1619747607724473455","0.03266874593611804475","-0.11996589047439233335","0.09612359478093696598","4.116261987950873638","-4.438737947552516334","8.554999935503389972"
"2023","Mountain West","San Diego State","0.17568751953945648222","0.32337653348954054784","0.15399252443423000378","30.921003438944340870","23.606486944736459992","15.399252443423000378","0.16821890594949626542","0.25486956276375935996","0.22142368157722355828","35.494189155343712004","35.681738786926310394","14.17111562094230773"
"2023","Mountain West","San José State","0.23563957301618504216","0.12196229977566799539","0.37540671224632895213","32.046981930201165734","9.147172483175099654","22.89980944702606608","0.39847819659563203762","0.58253035404118509161","0.22936177553214754480","52.997600147219061003","38.447003366718216046","15.137877185121737957"
"2023","American Athletic","SMU","0.14693603079049018308","0.30359377292381675107","0.05167810418199630810","15.869091325372939773","17.00125128373373806","2.635583313281811713","0.03047972880113771178","0.17452212483833380912","-0.10944717020642421134","2.103101287278502113","5.93375224450334951","-3.830650957224847397"
"2023","Sun Belt","South Alabama","0.37086495710395143997","0.37083710526887960723","0.46241088280497834200","45.2455247666820756760","21.1377150003261376123","28.6694747339086572037","0.32378122037072612933","0.86950818614264619533","-0.02316306151124228745","34.968371800038421968","39.127868376419078790","-1.436109813697021822"
"2023","SEC","South Carolina","0.27263780066311155798","0.49852767453299015018","-0.09913928341439695833","34.625000684215167864","39.383686288106221864","-4.75868560389105400","0.24581446970820090978","0.45881029613995408008","0.01732803771777478164","28.0228495467349037150","27.0698074722572907250","0.95304207447761299"
"2023","Sun Belt","Southern Mississippi","0.19096115605919830545","0.37777746851817409123","0.07781274039650057831","14.704009016558269520","16.622208614799660014","2.490007692688018506","0.23983496439801481120","0.04852900583281775250","0.43827057727716074514","17.98762232985111084","1.74704420998143909","16.21601135925494757"
"2023","American Athletic","South Florida","0.06962253267456499687","-0.05729776361285737431","0.24556431652106943322","12.1839432180488744520","-4.5265233254157325707","23.0830457529805267227","0.25527165566418358246","0.35757440595048130465","0.12034318421617603973","36.248575104314068710","32.539270941493798723","5.776472842376449907"
"2023","Pac-12","Stanford","0.11618649997996659065","0.27442556149653099830","0.10154641951167714022","10.805344498136892930","12.898001390336956920","4.569588878025471310","0.36807312349553530173","0.40214392734894955811","0.26302147828084134458","36.07116610256245957","29.75865062382226730","6.31251547874019227"
"2023","ACC","Syracuse","0.67844832708716186083","0.99624433304515764450","0.45145117997430772964","32.56551970018376932","19.92488666090315289","12.64063303928061643","-0.36783802648549775495","-0.82176017155753591923","0.18695570638032666806","-14.713521059419910198","-18.078723774265790223","3.365202714845880025"
"2023","Big 12","TCU","0.39527938430083175582","0.48651359630812902156","0.51775163444366016451","35.970423971375689780","23.352652622790193035","21.227817012190066745","0.28211943403856812968","0.59211883543487199303","-0.05489415016770392300","26.801346233663972320","35.527130126092319582","-1.866401105701933382"
"2023","American Athletic","Temple","0.07460297820091564393","0.24027196572984037012","-0.16871333272705351347","10.071402057123611930","20.182845121306591090","-8.26695330362562216","0.18624888005285986654","0.31777046323294477280","0.11616623488283807799","23.4673588866603431840","16.2062936248801834129","8.5963013813300177711"
"2023","SEC","Tennessee","0.34068694818582075982","0.19640573462571262967","0.47054004038991807696","45.311364108714161056","12.373561281419895669","32.937802827294265387","-0.04392809894978752179","-0.04488817250571967728","-0.05055040857980996863","-4.919947082376202440","-2.917731212871779023","-2.325318794671258557"
"2023","Big 12","Texas","0.21914882077061662964","0.38149486704979891483","0.03807053838229792692","24.10637028476782926","22.12670228888833706","1.97966799587949220","0.17986598817086719800","0.45378405536455386314","-0.10137733442690732714","14.209413065498508642","19.058930325311262252","-3.54820670494175645"
"2023","SEC","Texas A&M","0.35471610521273831000","0.44847382605291094000","0.20546912101817779694","45.048945362017765370","34.980958432127053320","10.06798692989071205","0.32972559826734041311","0.74153668984785300134","-0.15870151035140707527","30.9942062371299988320","37.8183711822405030684","-6.8241649451105042364"
"2023","Sun Belt","Texas State","0.23621345078401150218","0.40005342997253523499","0.05598947367663539610","29.7628947987854492753","26.4035263781873255093","3.359368420598123766","0.14188747861835582049","0.33778398530045893652","-0.01317685616169009101","23.269546493410354560","29.387206721139927477","-1.001441068288446917"
"2023","Big 12","Texas Tech","0.12865846553859257539","0.17412020165675657221","0.25810273222128092831","18.012185175402960554","14.97433734248106521","13.163239343285327344","0.18635979837910894255","0.23349132436419435446","0.13099895833313560159","25.53129237793792513","17.27835800295038223","8.25293437498754290"
"2023","Mid-American","Toledo","0.34524041029489574811","0.36668523937422335040","0.32766268154134853311","38.32168554273342804","18.33426196871116752","19.98742357402226052","0.18457776564188857578","0.40572546568446783674","0.09401987347318591867","16.61199890776997182","17.44619502443211698","4.23089430629336634"
"2023","Sun Belt","Troy","0.20746252431324835717","0.34181325808071589089","0.13028334302318651726","24.895502917589802860","19.141542452520089890","8.07756726743756407","0.02171204975700529192","0.11007009934245934365","-0.00413927812843360667","2.670582120111650906","6.824346159232479306","-0.24835668770601640"
"2023","American Athletic","Tulane","0.14227901746991871385","0.53738111904779917846","-0.09864485071319394598","19.065388340969107656","27.943818190485557280","-7.990232907768709624","0.18256165137342795683","0.33098468058647990084","0.11452560054937055928","22.455083118931638690","20.521050196361753852","6.642484831863492438"
"2023","American Athletic","Tulsa","0.21655810480426792515","0.50795549260214369556","0.16034283209841612834","22.305484794839596290","20.826175196687891518","9.460227093806551572","0.24967581974518698219","0.50669405735137027034","0.20919785248069623750","26.215961073244633130","29.388255326379475680","9.204705509150634450"
"2023","American Athletic","UAB","0.46144578867287258159","0.53066227435279023130","0.36132908617156312398","63.218073048183543678","42.983644222576008735","20.234428825607534943","0.19889798234962000460","0.22900340552284890034","0.23522456956610487744","23.0721659525559205340","13.2821975203252362200","13.407800465267978014"
"2023","Big 12","UCF","0.32295691356947093269","0.85180374271336048147","0.24616547352795060496","34.233432838363918865","30.664934737680977333","16.493086726372690532","0.02839380546103028053","0.20573746339704665289","-0.01238209827479073638","2.66901771333684637","9.25818585286709938","-0.58195861891516461"
"2023","Pac-12","UCLA","0.32467158708285723113","0.36598291679084917541","0.27859356548548160096","35.713874579114295424","21.227009173869252174","14.48686540524504325","0.04724350921423618804","0.24335674714120718378","-0.10437715546249237113","6.188899707064940633","17.765042541308124416","-5.845120705899572783"
"2023","FBS Independents","UMass","0.07002976492493680829","0.07373156184918372691","0.11548878842749822085","10.154315914115837202","4.866283082046125976","9.008125497344861226","0.26858678186869408429","0.26744014912901669831","0.28902868440411908620","44.316819008334523908","19.255690737289202278","26.590638965178955930"
"2023","Mountain West","UNLV","0.03782277228207589122","-0.07539332459362896539","0.14770898395555413441","2.534125742899084712","-2.487979711589755858","5.02210545448884057","0.30869098189365138923","0.44527033644645559272","0.18550176014014171549","29.943025243684184755","20.482435476536957265","9.46058976714722749"
"2023","Pac-12","USC","0.71929360253466254714","0.91086494309276759212","0.47614536259552922081","84.876645099090180562","60.11708624412266108","24.759558854967519482","0.04475301779126250085","0.04018680699102257343","0.18501171602391995960","5.280856099368975100","2.692516068398512420","9.250585801195997980"
"2023","Pac-12","Utah","0.10462491992343460774","0.04118731448522543957","0.14894434290081361564","12.973490070505891360","2.100553038746497418","10.872937031759393942","0.11874571575277231652","0.16623761851044800251","0.03748179325630503160","14.486977321838222615","12.800296625304496193","1.686680696533726422"
"2023","Mountain West","Utah State","0.25950121971434926176","0.18156373189741436135","0.46967324807451944386","38.406180517723690740","16.159172138869878160","26.77137514024760830","0.16865637925719673030","0.19558227945523904198","0.15299539648894763064","26.141738784865493196","11.148189928948625393","14.993548855916867803"
"2023","Conference USA","UTEP","0.21088989322085199972","0.37933709935635016072","0.16177590570482760880","38.381960566195063949","26.174259855588161090","17.633573721826209359","0.14043155318056410623","0.30177308604450896083","0.06372981100952794725","24.294658700237590378","21.124116023115627258","6.500440722971850620"
"2023","American Athletic","UT San Antonio","0.18406057372343114397","0.22600148241837381083","0.20110280838313726696","38.284599334473677946","23.278152689092502516","20.512486455080001230","0.09234034903976347258","0.21034236819702418113","0.00078705831430257802","19.0221119021912753513","18.9308131377321763013","0.09129876445909905"
"2023","SEC","Vanderbilt","0.13223774864302710334","0.34671892865701235426","-0.07708446798547953682","23.406081509815797292","35.018611794358247780","-5.627166162940006188","0.22156005051428099682","0.40307914560533394744","0.11356548277688584879","40.102369143084860424","35.874043958874721322","10.107327967142840542"
"2023","ACC","Virginia","0.15222466428669557763","0.44630543885840151188","-0.02785190648518112000","23.74704762872451011","35.70443510867212095","-2.00533726693304064","0.41217968285001025854","0.44393252378307359716","0.38235125651895075863","79.138499107201969640","41.285724711825844536","37.852774395376125104"
"2023","ACC","Virginia Tech","0.04411363334185321707","0.35966583315055703633","-0.28379575143432930705","5.867113234466477870","24.816942487388435507","-17.595336588928417037","0.16000217579210746772","0.16570009246209027215","0.20594283491470875405","23.040313314063475352","10.770506010035867690","15.857598288432574062"
"2023","ACC","Wake Forest","0.22725945594878614662","0.35173870954008809240","0.12571059117693455928","31.361804920932488234","21.807799991485461729","9.554004929447026505","0.04402301544515368779","0.22361035888433318373","-0.09409866057616725586","5.018623760747520408","14.981894045250323310","-4.046242404775192002"
"2023","Pac-12","Washington","0.53743300144678308083","0.71455438167749539119","0.45318010680429676111","51.593568138891175760","47.875143572392191210","12.23586288371601255","0.08639470556048184867","0.11681250532411596187","0.13240287041115380450","9.071444083850594110","7.008750319446957712","5.825726298090767398"
"2023","Pac-12","Washington State","0.19384625354174256649","0.27357328419318807294","0.08968674575517666290","27.720014256469187008","22.159436019648233908","5.56057823682095310","0.00529867774835543975","0.15770928124917137053","-0.15610577216014490640","0.625243974305941890","11.355068249940338678","-7.024759747206520788"
"2023","Conference USA","Western Kentucky","0.37596890170155665379","0.38107530869701156895","0.36611234866381809663","47.372081614396138378","31.629250621851960223","15.742830992544178155","0.14167895981965340436","-0.07843409769136054561","0.39031956136781858862","19.8350543747514766100","-4.6276117637902721907","30.8352453480576685007"
"2023","Mid-American","Western Michigan","0.23957407925381148535","-0.12214146219556293176","0.48895948473372734394","24.19698200463496002","-4.15280971464913968","32.27132599242600470","0.45766293829631066673","0.57137892377663156679","0.32499428856926961667","23.798472791408154670","15.998609865745683870","7.79986292566247080"
"2023","Big 12","West Virginia","0.52840584408985841158","0.56007554564021437720","0.50366388975364281344","30.11913311312192946","14.00188864100535943","16.11724447211657003","-0.09000049610527902087","0.19528758964775899303","-0.40559979730673767238","-4.140022820842834960","5.663340099785010798","-6.489596756907802758"
"2023","Big Ten","Wisconsin","0.16602176207671017321","0.17535971523498953365","0.19048407064256187000","22.7449814045092937295","12.4505397816842568895","12.19098052112395968","0.07459119325044126612","0.14812980089034937255","-0.01978335322077413713","10.218993475310453458","11.405994668556901686","-1.187001193246448228"
"2023","Mountain West","Wyoming","0.19634563094716020893","0.34457204764330528235","0.13141825477477104707","22.776093189870584236","15.850314191592042988","9.067859579459202248","0.11861583566936723514","0.24811270759530085517","-0.00323275662888191525","17.55514367906635080","21.58580556079117440","-0.19073264110403300"
